section,row_type,dataset_type,meeting_id,candidate_model,meeting_count,evaluator_run_count,accuracy_avg,completeness_avg,coverage_avg,accuracy_scores_by_evaluator,completeness_scores_by_evaluator,coverage_scores_by_evaluator,note,report_path
overall_by_model,overall_model,,,gpt-4.1,56,112,0.739,0.789,0.794,,,,,
overall_by_model,overall_model,,,gpt-5.4,56,112,0.754,0.844,0.868,,,,,
overall_by_model_dataset_type,overall_model_dataset_type,city_council,,gpt-4.1,34,68,0.745,0.781,0.781,,,,,
overall_by_model_dataset_type,overall_model_dataset_type,city_council,,gpt-5.4,34,68,0.76,0.831,0.834,,,,,
overall_by_model_dataset_type,overall_model_dataset_type,private_data,,gpt-4.1,22,44,0.729,0.801,0.816,,,,,
overall_by_model_dataset_type,overall_model_dataset_type,private_data,,gpt-5.4,22,44,0.745,0.865,0.92,,,,,
detail,meeting_model,city_council,t_10062873984778850834470432363897468907,gpt-4.1,,2,0.569,0.788,0.659,"{""anthropic.claude-sonnet-4-20250514-v1:0"": 0.69, ""gpt-5-2025-08-07"": 0.448}","{""anthropic.claude-sonnet-4-20250514-v1:0"": 0.813, ""gpt-5-2025-08-07"": 0.764}","{""anthropic.claude-sonnet-4-20250514-v1:0"": 0.705, ""gpt-5-2025-08-07"": 0.614}",completed,/Users/lizhon/PycharmProjects/WebexSuiteAI/dataset-pipeline/dataset/views/meeting_notes/evaluation/internal/t_10062873984778850834470432363897468907/offline/evaluation_report_standard_gpt-41.json
detail,meeting_model,city_council,t_10062873984778850834470432363897468907,gpt-5.4,,2,0.707,0.883,0.829,"{""anthropic.claude-sonnet-4-20250514-v1:0"": 0.776, ""gpt-5-2025-08-07"": 0.638}","{""anthropic.claude-sonnet-4-20250514-v1:0"": 0.862, ""gpt-5-2025-08-07"": 0.903}","{""anthropic.claude-sonnet-4-20250514-v1:0"": 0.841, ""gpt-5-2025-08-07"": 0.818}",completed,/Users/lizhon/PycharmProjects/WebexSuiteAI/dataset-pipeline/dataset/views/meeting_notes/evaluation/internal/t_10062873984778850834470432363897468907/offline/evaluation_report_standard_gpt-54.json
detail,meeting_model,city_council,t_106635199576481410273141760874457477490,gpt-4.1,,2,0.949,0.771,0.75,"{""anthropic.claude-sonnet-4-20250514-v1:0"": 0.966, ""gpt-5-2025-08-07"": 0.931}","{""anthropic.claude-sonnet-4-20250514-v1:0"": 0.819, ""gpt-5-2025-08-07"": 0.724}","{""anthropic.claude-sonnet-4-20250514-v1:0"": 0.833, ""gpt-5-2025-08-07"": 0.667}",completed,/Users/lizhon/PycharmProjects/WebexSuiteAI/dataset-pipeline/dataset/views/meeting_notes/evaluation/internal/t_106635199576481410273141760874457477490/offline/evaluation_report_standard_gpt-41.json
detail,meeting_model,city_council,t_106635199576481410273141760874457477490,gpt-5.4,,2,0.816,0.845,0.903,"{""anthropic.claude-sonnet-4-20250514-v1:0"": 0.783, ""gpt-5-2025-08-07"": 0.848}","{""anthropic.claude-sonnet-4-20250514-v1:0"": 0.83, ""gpt-5-2025-08-07"": 0.861}","{""anthropic.claude-sonnet-4-20250514-v1:0"": 0.917, ""gpt-5-2025-08-07"": 0.889}",completed,/Users/lizhon/PycharmProjects/WebexSuiteAI/dataset-pipeline/dataset/views/meeting_notes/evaluation/internal/t_106635199576481410273141760874457477490/offline/evaluation_report_standard_gpt-54.json
detail,meeting_model,city_council,t_108288233306293829791253295282411673750,gpt-4.1,,2,0.719,0.782,0.772,"{""anthropic.claude-sonnet-4-20250514-v1:0"": 0.688, ""gpt-5-2025-08-07"": 0.75}","{""anthropic.claude-sonnet-4-20250514-v1:0"": 0.787, ""gpt-5-2025-08-07"": 0.776}","{""anthropic.claude-sonnet-4-20250514-v1:0"": 0.818, ""gpt-5-2025-08-07"": 0.727}",completed,/Users/lizhon/PycharmProjects/WebexSuiteAI/dataset-pipeline/dataset/views/meeting_notes/evaluation/internal/t_108288233306293829791253295282411673750/offline/evaluation_report_standard_gpt-41.json
detail,meeting_model,city_council,t_108288233306293829791253295282411673750,gpt-5.4,,2,0.776,0.907,0.887,"{""anthropic.claude-sonnet-4-20250514-v1:0"": 0.763, ""gpt-5-2025-08-07"": 0.789}","{""anthropic.claude-sonnet-4-20250514-v1:0"": 0.893, ""gpt-5-2025-08-07"": 0.922}","{""anthropic.claude-sonnet-4-20250514-v1:0"": 0.909, ""gpt-5-2025-08-07"": 0.864}",completed,/Users/lizhon/PycharmProjects/WebexSuiteAI/dataset-pipeline/dataset/views/meeting_notes/evaluation/internal/t_108288233306293829791253295282411673750/offline/evaluation_report_standard_gpt-54.json
detail,meeting_model,city_council,t_1104047888607550073732755348065275078,gpt-4.1,,2,0.714,0.799,0.75,"{""anthropic.claude-sonnet-4-20250514-v1:0"": 0.714, ""gpt-5-2025-08-07"": 0.714}","{""anthropic.claude-sonnet-4-20250514-v1:0"": 0.816, ""gpt-5-2025-08-07"": 0.782}","{""anthropic.claude-sonnet-4-20250514-v1:0"": 0.769, ""gpt-5-2025-08-07"": 0.731}",completed,/Users/lizhon/PycharmProjects/WebexSuiteAI/dataset-pipeline/dataset/views/meeting_notes/evaluation/internal/t_1104047888607550073732755348065275078/offline/evaluation_report_standard_gpt-41.json
detail,meeting_model,city_council,t_1104047888607550073732755348065275078,gpt-5.4,,2,0.73,0.859,0.808,"{""anthropic.claude-sonnet-4-20250514-v1:0"": 0.769, ""gpt-5-2025-08-07"": 0.692}","{""anthropic.claude-sonnet-4-20250514-v1:0"": 0.85, ""gpt-5-2025-08-07"": 0.867}","{""anthropic.claude-sonnet-4-20250514-v1:0"": 0.808, ""gpt-5-2025-08-07"": 0.808}",completed,/Users/lizhon/PycharmProjects/WebexSuiteAI/dataset-pipeline/dataset/views/meeting_notes/evaluation/internal/t_1104047888607550073732755348065275078/offline/evaluation_report_standard_gpt-54.json
detail,meeting_model,city_council,t_124340835051287880658095515520861195229,gpt-4.1,,2,0.863,0.891,0.8,"{""anthropic.claude-sonnet-4-20250514-v1:0"": 0.818, ""gpt-5-2025-08-07"": 0.909}","{""anthropic.claude-sonnet-4-20250514-v1:0"": 0.869, ""gpt-5-2025-08-07"": 0.914}","{""anthropic.claude-sonnet-4-20250514-v1:0"": 0.8, ""gpt-5-2025-08-07"": 0.8}",completed,/Users/lizhon/PycharmProjects/WebexSuiteAI/dataset-pipeline/dataset/views/meeting_notes/evaluation/internal/t_124340835051287880658095515520861195229/offline/evaluation_report_standard_gpt-41.json
detail,meeting_model,city_council,t_124340835051287880658095515520861195229,gpt-5.4,,2,0.667,0.913,0.8,"{""anthropic.claude-sonnet-4-20250514-v1:0"": 0.667, ""gpt-5-2025-08-07"": 0.667}","{""anthropic.claude-sonnet-4-20250514-v1:0"": 0.906, ""gpt-5-2025-08-07"": 0.921}","{""anthropic.claude-sonnet-4-20250514-v1:0"": 0.8, ""gpt-5-2025-08-07"": 0.8}",completed,/Users/lizhon/PycharmProjects/WebexSuiteAI/dataset-pipeline/dataset/views/meeting_notes/evaluation/internal/t_124340835051287880658095515520861195229/offline/evaluation_report_standard_gpt-54.json
detail,meeting_model,city_council,t_127444281169671611279108560503033494207,gpt-4.1,,2,0.795,0.783,0.732,"{""anthropic.claude-sonnet-4-20250514-v1:0"": 0.818, ""gpt-5-2025-08-07"": 0.773}","{""anthropic.claude-sonnet-4-20250514-v1:0"": 0.815, ""gpt-5-2025-08-07"": 0.751}","{""anthropic.claude-sonnet-4-20250514-v1:0"": 0.857, ""gpt-5-2025-08-07"": 0.607}",completed,/Users/lizhon/PycharmProjects/WebexSuiteAI/dataset-pipeline/dataset/views/meeting_notes/evaluation/internal/t_127444281169671611279108560503033494207/offline/evaluation_report_standard_gpt-41.json
detail,meeting_model,city_council,t_127444281169671611279108560503033494207,gpt-5.4,,2,0.798,0.847,0.857,"{""anthropic.claude-sonnet-4-20250514-v1:0"": 0.784, ""gpt-5-2025-08-07"": 0.811}","{""anthropic.claude-sonnet-4-20250514-v1:0"": 0.832, ""gpt-5-2025-08-07"": 0.863}","{""anthropic.claude-sonnet-4-20250514-v1:0"": 0.857, ""gpt-5-2025-08-07"": 0.857}",completed,/Users/lizhon/PycharmProjects/WebexSuiteAI/dataset-pipeline/dataset/views/meeting_notes/evaluation/internal/t_127444281169671611279108560503033494207/offline/evaluation_report_standard_gpt-54.json
detail,meeting_model,city_council,t_138875998642370285081837761644930976049,gpt-4.1,,2,0.822,0.764,0.773,"{""anthropic.claude-sonnet-4-20250514-v1:0"": 0.857, ""gpt-5-2025-08-07"": 0.786}","{""anthropic.claude-sonnet-4-20250514-v1:0"": 0.81, ""gpt-5-2025-08-07"": 0.718}","{""anthropic.claude-sonnet-4-20250514-v1:0"": 0.864, ""gpt-5-2025-08-07"": 0.682}",completed,/Users/lizhon/PycharmProjects/WebexSuiteAI/dataset-pipeline/dataset/views/meeting_notes/evaluation/internal/t_138875998642370285081837761644930976049/offline/evaluation_report_standard_gpt-41.json
detail,meeting_model,city_council,t_138875998642370285081837761644930976049,gpt-5.4,,2,0.688,0.862,1,"{""anthropic.claude-sonnet-4-20250514-v1:0"": 0.75, ""gpt-5-2025-08-07"": 0.625}","{""anthropic.claude-sonnet-4-20250514-v1:0"": 0.864, ""gpt-5-2025-08-07"": 0.86}","{""anthropic.claude-sonnet-4-20250514-v1:0"": 1.0, ""gpt-5-2025-08-07"": 1.0}",completed,/Users/lizhon/PycharmProjects/WebexSuiteAI/dataset-pipeline/dataset/views/meeting_notes/evaluation/internal/t_138875998642370285081837761644930976049/offline/evaluation_report_standard_gpt-54.json
detail,meeting_model,city_council,t_153646994727591924137215190422748124328,gpt-4.1,,2,0.6,0.815,0.959,"{""anthropic.claude-sonnet-4-20250514-v1:0"": 0.533, ""gpt-5-2025-08-07"": 0.667}","{""anthropic.claude-sonnet-4-20250514-v1:0"": 0.846, ""gpt-5-2025-08-07"": 0.783}","{""anthropic.claude-sonnet-4-20250514-v1:0"": 0.917, ""gpt-5-2025-08-07"": 1.0}",completed,/Users/lizhon/PycharmProjects/WebexSuiteAI/dataset-pipeline/dataset/views/meeting_notes/evaluation/internal/t_153646994727591924137215190422748124328/offline/evaluation_report_standard_gpt-41.json
detail,meeting_model,city_council,t_153646994727591924137215190422748124328,gpt-5.4,,2,0.6,0.91,0.959,"{""anthropic.claude-sonnet-4-20250514-v1:0"": 0.467, ""gpt-5-2025-08-07"": 0.733}","{""anthropic.claude-sonnet-4-20250514-v1:0"": 0.895, ""gpt-5-2025-08-07"": 0.925}","{""anthropic.claude-sonnet-4-20250514-v1:0"": 1.0, ""gpt-5-2025-08-07"": 0.917}",completed,/Users/lizhon/PycharmProjects/WebexSuiteAI/dataset-pipeline/dataset/views/meeting_notes/evaluation/internal/t_153646994727591924137215190422748124328/offline/evaluation_report_standard_gpt-54.json
detail,meeting_model,city_council,t_161550297287408498554053498832287176705,gpt-4.1,,2,0.666,0.835,0.9,"{""anthropic.claude-sonnet-4-20250514-v1:0"": 0.722, ""gpt-5-2025-08-07"": 0.611}","{""anthropic.claude-sonnet-4-20250514-v1:0"": 0.839, ""gpt-5-2025-08-07"": 0.832}","{""anthropic.claude-sonnet-4-20250514-v1:0"": 0.9, ""gpt-5-2025-08-07"": 0.9}",completed,/Users/lizhon/PycharmProjects/WebexSuiteAI/dataset-pipeline/dataset/views/meeting_notes/evaluation/internal/t_161550297287408498554053498832287176705/offline/evaluation_report_standard_gpt-41.json
detail,meeting_model,city_council,t_161550297287408498554053498832287176705,gpt-5.4,,2,0.642,0.901,0.9,"{""anthropic.claude-sonnet-4-20250514-v1:0"": 0.714, ""gpt-5-2025-08-07"": 0.571}","{""anthropic.claude-sonnet-4-20250514-v1:0"": 0.875, ""gpt-5-2025-08-07"": 0.926}","{""anthropic.claude-sonnet-4-20250514-v1:0"": 0.9, ""gpt-5-2025-08-07"": 0.9}",completed,/Users/lizhon/PycharmProjects/WebexSuiteAI/dataset-pipeline/dataset/views/meeting_notes/evaluation/internal/t_161550297287408498554053498832287176705/offline/evaluation_report_standard_gpt-54.json
detail,meeting_model,city_council,t_180256091084934261719910160327606052614,gpt-4.1,,2,0.85,0.744,0.772,"{""anthropic.claude-sonnet-4-20250514-v1:0"": 0.9, ""gpt-5-2025-08-07"": 0.8}","{""anthropic.claude-sonnet-4-20250514-v1:0"": 0.765, ""gpt-5-2025-08-07"": 0.723}","{""anthropic.claude-sonnet-4-20250514-v1:0"": 0.848, ""gpt-5-2025-08-07"": 0.697}",completed,/Users/lizhon/PycharmProjects/WebexSuiteAI/dataset-pipeline/dataset/views/meeting_notes/evaluation/internal/t_180256091084934261719910160327606052614/offline/evaluation_report_standard_gpt-41.json
detail,meeting_model,city_council,t_180256091084934261719910160327606052614,gpt-5.4,,2,0.822,0.859,0.985,"{""anthropic.claude-sonnet-4-20250514-v1:0"": 0.857, ""gpt-5-2025-08-07"": 0.786}","{""anthropic.claude-sonnet-4-20250514-v1:0"": 0.846, ""gpt-5-2025-08-07"": 0.873}","{""anthropic.claude-sonnet-4-20250514-v1:0"": 1.0, ""gpt-5-2025-08-07"": 0.97}",completed,/Users/lizhon/PycharmProjects/WebexSuiteAI/dataset-pipeline/dataset/views/meeting_notes/evaluation/internal/t_180256091084934261719910160327606052614/offline/evaluation_report_standard_gpt-54.json
detail,meeting_model,city_council,t_196638895769607976636461928328929069252,gpt-4.1,,2,0.589,0.791,0.957,"{""anthropic.claude-sonnet-4-20250514-v1:0"": 0.607, ""gpt-5-2025-08-07"": 0.571}","{""anthropic.claude-sonnet-4-20250514-v1:0"": 0.793, ""gpt-5-2025-08-07"": 0.789}","{""anthropic.claude-sonnet-4-20250514-v1:0"": 0.957, ""gpt-5-2025-08-07"": 0.957}",completed,/Users/lizhon/PycharmProjects/WebexSuiteAI/dataset-pipeline/dataset/views/meeting_notes/evaluation/internal/t_196638895769607976636461928328929069252/offline/evaluation_report_standard_gpt-41.json
detail,meeting_model,city_council,t_196638895769607976636461928328929069252,gpt-5.4,,2,0.693,0.891,0.957,"{""anthropic.claude-sonnet-4-20250514-v1:0"": 0.727, ""gpt-5-2025-08-07"": 0.659}","{""anthropic.claude-sonnet-4-20250514-v1:0"": 0.884, ""gpt-5-2025-08-07"": 0.897}","{""anthropic.claude-sonnet-4-20250514-v1:0"": 0.957, ""gpt-5-2025-08-07"": 0.957}",completed,/Users/lizhon/PycharmProjects/WebexSuiteAI/dataset-pipeline/dataset/views/meeting_notes/evaluation/internal/t_196638895769607976636461928328929069252/offline/evaluation_report_standard_gpt-54.json
detail,meeting_model,city_council,t_203623473349312317087775122627143579269,gpt-4.1,,2,0.742,0.752,0.819,"{""anthropic.claude-sonnet-4-20250514-v1:0"": 0.828, ""gpt-5-2025-08-07"": 0.655}","{""anthropic.claude-sonnet-4-20250514-v1:0"": 0.814, ""gpt-5-2025-08-07"": 0.69}","{""anthropic.claude-sonnet-4-20250514-v1:0"": 0.879, ""gpt-5-2025-08-07"": 0.758}",completed,/Users/lizhon/PycharmProjects/WebexSuiteAI/dataset-pipeline/dataset/views/meeting_notes/evaluation/internal/t_203623473349312317087775122627143579269/offline/evaluation_report_standard_gpt-41.json
detail,meeting_model,city_council,t_203623473349312317087775122627143579269,gpt-5.4,,2,0.738,0.849,0.863,"{""anthropic.claude-sonnet-4-20250514-v1:0"": 0.775, ""gpt-5-2025-08-07"": 0.7}","{""anthropic.claude-sonnet-4-20250514-v1:0"": 0.836, ""gpt-5-2025-08-07"": 0.863}","{""anthropic.claude-sonnet-4-20250514-v1:0"": 0.879, ""gpt-5-2025-08-07"": 0.848}",completed,/Users/lizhon/PycharmProjects/WebexSuiteAI/dataset-pipeline/dataset/views/meeting_notes/evaluation/internal/t_203623473349312317087775122627143579269/offline/evaluation_report_standard_gpt-54.json
detail,meeting_model,city_council,t_206760998982614878184623504038248857164,gpt-4.1,,2,0.765,0.835,0.925,"{""anthropic.claude-sonnet-4-20250514-v1:0"": 0.765, ""gpt-5-2025-08-07"": 0.765}","{""anthropic.claude-sonnet-4-20250514-v1:0"": 0.803, ""gpt-5-2025-08-07"": 0.866}","{""anthropic.claude-sonnet-4-20250514-v1:0"": 0.95, ""gpt-5-2025-08-07"": 0.9}",completed,/Users/lizhon/PycharmProjects/WebexSuiteAI/dataset-pipeline/dataset/views/meeting_notes/evaluation/internal/t_206760998982614878184623504038248857164/offline/evaluation_report_standard_gpt-41.json
detail,meeting_model,city_council,t_206760998982614878184623504038248857164,gpt-5.4,,2,0.981,0.877,0.95,"{""anthropic.claude-sonnet-4-20250514-v1:0"": 1.0, ""gpt-5-2025-08-07"": 0.962}","{""anthropic.claude-sonnet-4-20250514-v1:0"": 0.854, ""gpt-5-2025-08-07"": 0.901}","{""anthropic.claude-sonnet-4-20250514-v1:0"": 0.95, ""gpt-5-2025-08-07"": 0.95}",completed,/Users/lizhon/PycharmProjects/WebexSuiteAI/dataset-pipeline/dataset/views/meeting_notes/evaluation/internal/t_206760998982614878184623504038248857164/offline/evaluation_report_standard_gpt-54.json
detail,meeting_model,city_council,t_227123168473691094147595939364167917256,gpt-4.1,,2,0.823,0.788,0.676,"{""anthropic.claude-sonnet-4-20250514-v1:0"": 0.941, ""gpt-5-2025-08-07"": 0.706}","{""anthropic.claude-sonnet-4-20250514-v1:0"": 0.794, ""gpt-5-2025-08-07"": 0.781}","{""anthropic.claude-sonnet-4-20250514-v1:0"": 0.647, ""gpt-5-2025-08-07"": 0.706}",completed,/Users/lizhon/PycharmProjects/WebexSuiteAI/dataset-pipeline/dataset/views/meeting_notes/evaluation/internal/t_227123168473691094147595939364167917256/offline/evaluation_report_standard_gpt-41.json
detail,meeting_model,city_council,t_227123168473691094147595939364167917256,gpt-5.4,,2,0.863,0.852,0.911,"{""anthropic.claude-sonnet-4-20250514-v1:0"": 0.897, ""gpt-5-2025-08-07"": 0.828}","{""anthropic.claude-sonnet-4-20250514-v1:0"": 0.835, ""gpt-5-2025-08-07"": 0.869}","{""anthropic.claude-sonnet-4-20250514-v1:0"": 0.941, ""gpt-5-2025-08-07"": 0.882}",completed,/Users/lizhon/PycharmProjects/WebexSuiteAI/dataset-pipeline/dataset/views/meeting_notes/evaluation/internal/t_227123168473691094147595939364167917256/offline/evaluation_report_standard_gpt-54.json
detail,meeting_model,city_council,t_232276779192679881902870871011229238381,gpt-4.1,,2,0.5,0.754,0.74,"{""anthropic.claude-sonnet-4-20250514-v1:0"": 0.429, ""gpt-5-2025-08-07"": 0.571}","{""anthropic.claude-sonnet-4-20250514-v1:0"": 0.824, ""gpt-5-2025-08-07"": 0.684}","{""anthropic.claude-sonnet-4-20250514-v1:0"": 0.8, ""gpt-5-2025-08-07"": 0.68}",completed,/Users/lizhon/PycharmProjects/WebexSuiteAI/dataset-pipeline/dataset/views/meeting_notes/evaluation/internal/t_232276779192679881902870871011229238381/offline/evaluation_report_standard_gpt-41.json
detail,meeting_model,city_council,t_232276779192679881902870871011229238381,gpt-5.4,,2,0.63,0.804,0.78,"{""anthropic.claude-sonnet-4-20250514-v1:0"": 0.667, ""gpt-5-2025-08-07"": 0.593}","{""anthropic.claude-sonnet-4-20250514-v1:0"": 0.792, ""gpt-5-2025-08-07"": 0.816}","{""anthropic.claude-sonnet-4-20250514-v1:0"": 0.76, ""gpt-5-2025-08-07"": 0.8}",completed,/Users/lizhon/PycharmProjects/WebexSuiteAI/dataset-pipeline/dataset/views/meeting_notes/evaluation/internal/t_232276779192679881902870871011229238381/offline/evaluation_report_standard_gpt-54.json
detail,meeting_model,city_council,t_232380390825704564563450343709460551188,gpt-4.1,,2,0.88,0.808,0.697,"{""anthropic.claude-sonnet-4-20250514-v1:0"": 0.92, ""gpt-5-2025-08-07"": 0.84}","{""anthropic.claude-sonnet-4-20250514-v1:0"": 0.82, ""gpt-5-2025-08-07"": 0.797}","{""anthropic.claude-sonnet-4-20250514-v1:0"": 0.758, ""gpt-5-2025-08-07"": 0.636}",completed,/Users/lizhon/PycharmProjects/WebexSuiteAI/dataset-pipeline/dataset/views/meeting_notes/evaluation/internal/t_232380390825704564563450343709460551188/offline/evaluation_report_standard_gpt-41.json
detail,meeting_model,city_council,t_232380390825704564563450343709460551188,gpt-5.4,,2,0.75,0.849,0.863,"{""anthropic.claude-sonnet-4-20250514-v1:0"": 0.824, ""gpt-5-2025-08-07"": 0.676}","{""anthropic.claude-sonnet-4-20250514-v1:0"": 0.86, ""gpt-5-2025-08-07"": 0.839}","{""anthropic.claude-sonnet-4-20250514-v1:0"": 0.848, ""gpt-5-2025-08-07"": 0.879}",completed,/Users/lizhon/PycharmProjects/WebexSuiteAI/dataset-pipeline/dataset/views/meeting_notes/evaluation/internal/t_232380390825704564563450343709460551188/offline/evaluation_report_standard_gpt-54.json
detail,meeting_model,city_council,t_232381829133992943343826921609078516359,gpt-4.1,,2,0.5,0.832,0.706,"{""anthropic.claude-sonnet-4-20250514-v1:0"": 0.583, ""gpt-5-2025-08-07"": 0.417}","{""anthropic.claude-sonnet-4-20250514-v1:0"": 0.837, ""gpt-5-2025-08-07"": 0.827}","{""anthropic.claude-sonnet-4-20250514-v1:0"": 0.765, ""gpt-5-2025-08-07"": 0.647}",completed,/Users/lizhon/PycharmProjects/WebexSuiteAI/dataset-pipeline/dataset/views/meeting_notes/evaluation/internal/t_232381829133992943343826921609078516359/offline/evaluation_report_standard_gpt-41.json
detail,meeting_model,city_council,t_232381829133992943343826921609078516359,gpt-5.4,,2,0.435,0.865,0.882,"{""anthropic.claude-sonnet-4-20250514-v1:0"": 0.484, ""gpt-5-2025-08-07"": 0.387}","{""anthropic.claude-sonnet-4-20250514-v1:0"": 0.86, ""gpt-5-2025-08-07"": 0.869}","{""anthropic.claude-sonnet-4-20250514-v1:0"": 0.882, ""gpt-5-2025-08-07"": 0.882}",completed,/Users/lizhon/PycharmProjects/WebexSuiteAI/dataset-pipeline/dataset/views/meeting_notes/evaluation/internal/t_232381829133992943343826921609078516359/offline/evaluation_report_standard_gpt-54.json
detail,meeting_model,city_council,t_234540230487145439343255414917349168194,gpt-4.1,,2,0.48,0.808,0.788,"{""anthropic.claude-sonnet-4-20250514-v1:0"": 0.44, ""gpt-5-2025-08-07"": 0.52}","{""anthropic.claude-sonnet-4-20250514-v1:0"": 0.837, ""gpt-5-2025-08-07"": 0.78}","{""anthropic.claude-sonnet-4-20250514-v1:0"": 0.788, ""gpt-5-2025-08-07"": 0.788}",completed,/Users/lizhon/PycharmProjects/WebexSuiteAI/dataset-pipeline/dataset/views/meeting_notes/evaluation/internal/t_234540230487145439343255414917349168194/offline/evaluation_report_standard_gpt-41.json
detail,meeting_model,city_council,t_234540230487145439343255414917349168194,gpt-5.4,,2,0.795,0.869,0.849,"{""anthropic.claude-sonnet-4-20250514-v1:0"": 0.818, ""gpt-5-2025-08-07"": 0.773}","{""anthropic.claude-sonnet-4-20250514-v1:0"": 0.854, ""gpt-5-2025-08-07"": 0.885}","{""anthropic.claude-sonnet-4-20250514-v1:0"": 0.879, ""gpt-5-2025-08-07"": 0.818}",completed,/Users/lizhon/PycharmProjects/WebexSuiteAI/dataset-pipeline/dataset/views/meeting_notes/evaluation/internal/t_234540230487145439343255414917349168194/offline/evaluation_report_standard_gpt-54.json
detail,meeting_model,city_council,t_24637292956148471653258107326847519677,gpt-4.1,,2,0.861,0.906,0.9,"{""anthropic.claude-sonnet-4-20250514-v1:0"": 0.833, ""gpt-5-2025-08-07"": 0.889}","{""anthropic.claude-sonnet-4-20250514-v1:0"": 0.914, ""gpt-5-2025-08-07"": 0.898}","{""anthropic.claude-sonnet-4-20250514-v1:0"": 0.9, ""gpt-5-2025-08-07"": 0.9}",completed,/Users/lizhon/PycharmProjects/WebexSuiteAI/dataset-pipeline/dataset/views/meeting_notes/evaluation/internal/t_24637292956148471653258107326847519677/offline/evaluation_report_standard_gpt-41.json
detail,meeting_model,city_council,t_24637292956148471653258107326847519677,gpt-5.4,,2,0.728,0.915,0.9,"{""anthropic.claude-sonnet-4-20250514-v1:0"": 0.773, ""gpt-5-2025-08-07"": 0.682}","{""anthropic.claude-sonnet-4-20250514-v1:0"": 0.894, ""gpt-5-2025-08-07"": 0.937}","{""anthropic.claude-sonnet-4-20250514-v1:0"": 0.9, ""gpt-5-2025-08-07"": 0.9}",completed,/Users/lizhon/PycharmProjects/WebexSuiteAI/dataset-pipeline/dataset/views/meeting_notes/evaluation/internal/t_24637292956148471653258107326847519677/offline/evaluation_report_standard_gpt-54.json
detail,meeting_model,city_council,t_248142763499862397328970003316117925955,gpt-4.1,,2,0.765,0.831,0.825,"{""anthropic.claude-sonnet-4-20250514-v1:0"": 0.824, ""gpt-5-2025-08-07"": 0.706}","{""anthropic.claude-sonnet-4-20250514-v1:0"": 0.828, ""gpt-5-2025-08-07"": 0.833}","{""anthropic.claude-sonnet-4-20250514-v1:0"": 0.85, ""gpt-5-2025-08-07"": 0.8}",completed,/Users/lizhon/PycharmProjects/WebexSuiteAI/dataset-pipeline/dataset/views/meeting_notes/evaluation/internal/t_248142763499862397328970003316117925955/offline/evaluation_report_standard_gpt-41.json
detail,meeting_model,city_council,t_248142763499862397328970003316117925955,gpt-5.4,,2,0.9,0.925,0.875,"{""anthropic.claude-sonnet-4-20250514-v1:0"": 0.85, ""gpt-5-2025-08-07"": 0.95}","{""anthropic.claude-sonnet-4-20250514-v1:0"": 0.9, ""gpt-5-2025-08-07"": 0.95}","{""anthropic.claude-sonnet-4-20250514-v1:0"": 0.85, ""gpt-5-2025-08-07"": 0.9}",completed,/Users/lizhon/PycharmProjects/WebexSuiteAI/dataset-pipeline/dataset/views/meeting_notes/evaluation/internal/t_248142763499862397328970003316117925955/offline/evaluation_report_standard_gpt-54.json
detail,meeting_model,city_council,t_258810779752442698698651215247285387144,gpt-4.1,,2,0.5,0,0,"{""anthropic.claude-sonnet-4-20250514-v1:0"": 0.0, ""gpt-5-2025-08-07"": 1.0}","{""anthropic.claude-sonnet-4-20250514-v1:0"": 0, ""gpt-5-2025-08-07"": 0}","{""anthropic.claude-sonnet-4-20250514-v1:0"": 0.0, ""gpt-5-2025-08-07"": 0.0}",completed,/Users/lizhon/PycharmProjects/WebexSuiteAI/dataset-pipeline/dataset/views/meeting_notes/evaluation/internal/t_258810779752442698698651215247285387144/offline/evaluation_report_standard_gpt-41.json
detail,meeting_model,city_council,t_258810779752442698698651215247285387144,gpt-5.4,,2,0.5,0,0,"{""anthropic.claude-sonnet-4-20250514-v1:0"": 0.0, ""gpt-5-2025-08-07"": 1.0}","{""anthropic.claude-sonnet-4-20250514-v1:0"": 0, ""gpt-5-2025-08-07"": 0}","{""anthropic.claude-sonnet-4-20250514-v1:0"": 0.0, ""gpt-5-2025-08-07"": 0.0}",completed,/Users/lizhon/PycharmProjects/WebexSuiteAI/dataset-pipeline/dataset/views/meeting_notes/evaluation/internal/t_258810779752442698698651215247285387144/offline/evaluation_report_standard_gpt-54.json
detail,meeting_model,city_council,t_270737199556905365224480426786176969466,gpt-4.1,,2,0.857,0.773,0.793,"{""anthropic.claude-sonnet-4-20250514-v1:0"": 0.857, ""gpt-5-2025-08-07"": 0.857}","{""anthropic.claude-sonnet-4-20250514-v1:0"": 0.825, ""gpt-5-2025-08-07"": 0.721}","{""anthropic.claude-sonnet-4-20250514-v1:0"": 0.759, ""gpt-5-2025-08-07"": 0.828}",completed,/Users/lizhon/PycharmProjects/WebexSuiteAI/dataset-pipeline/dataset/views/meeting_notes/evaluation/internal/t_270737199556905365224480426786176969466/offline/evaluation_report_standard_gpt-41.json
detail,meeting_model,city_council,t_270737199556905365224480426786176969466,gpt-5.4,,2,0.783,0.869,0.759,"{""anthropic.claude-sonnet-4-20250514-v1:0"": 0.783, ""gpt-5-2025-08-07"": 0.783}","{""anthropic.claude-sonnet-4-20250514-v1:0"": 0.878, ""gpt-5-2025-08-07"": 0.86}","{""anthropic.claude-sonnet-4-20250514-v1:0"": 0.759, ""gpt-5-2025-08-07"": 0.759}",completed,/Users/lizhon/PycharmProjects/WebexSuiteAI/dataset-pipeline/dataset/views/meeting_notes/evaluation/internal/t_270737199556905365224480426786176969466/offline/evaluation_report_standard_gpt-54.json
detail,meeting_model,city_council,t_295418528221287250041921315123836423951,gpt-4.1,,2,0.889,0.799,0.879,"{""anthropic.claude-sonnet-4-20250514-v1:0"": 0.852, ""gpt-5-2025-08-07"": 0.926}","{""anthropic.claude-sonnet-4-20250514-v1:0"": 0.843, ""gpt-5-2025-08-07"": 0.756}","{""anthropic.claude-sonnet-4-20250514-v1:0"": 0.879, ""gpt-5-2025-08-07"": 0.879}",completed,/Users/lizhon/PycharmProjects/WebexSuiteAI/dataset-pipeline/dataset/views/meeting_notes/evaluation/internal/t_295418528221287250041921315123836423951/offline/evaluation_report_standard_gpt-41.json
detail,meeting_model,city_council,t_295418528221287250041921315123836423951,gpt-5.4,,2,0.837,0.855,0.97,"{""anthropic.claude-sonnet-4-20250514-v1:0"": 0.942, ""gpt-5-2025-08-07"": 0.731}","{""anthropic.claude-sonnet-4-20250514-v1:0"": 0.839, ""gpt-5-2025-08-07"": 0.871}","{""anthropic.claude-sonnet-4-20250514-v1:0"": 0.97, ""gpt-5-2025-08-07"": 0.97}",completed,/Users/lizhon/PycharmProjects/WebexSuiteAI/dataset-pipeline/dataset/views/meeting_notes/evaluation/internal/t_295418528221287250041921315123836423951/offline/evaluation_report_standard_gpt-54.json
detail,meeting_model,city_council,t_302231191468361059160146080188341481527,gpt-4.1,,2,0.718,0.825,0.883,"{""anthropic.claude-sonnet-4-20250514-v1:0"": 0.739, ""gpt-5-2025-08-07"": 0.696}","{""anthropic.claude-sonnet-4-20250514-v1:0"": 0.835, ""gpt-5-2025-08-07"": 0.815}","{""anthropic.claude-sonnet-4-20250514-v1:0"": 0.93, ""gpt-5-2025-08-07"": 0.837}",completed,/Users/lizhon/PycharmProjects/WebexSuiteAI/dataset-pipeline/dataset/views/meeting_notes/evaluation/internal/t_302231191468361059160146080188341481527/offline/evaluation_report_standard_gpt-41.json
detail,meeting_model,city_council,t_302231191468361059160146080188341481527,gpt-5.4,,2,0.75,0.841,0.825,"{""anthropic.claude-sonnet-4-20250514-v1:0"": 0.833, ""gpt-5-2025-08-07"": 0.667}","{""anthropic.claude-sonnet-4-20250514-v1:0"": 0.822, ""gpt-5-2025-08-07"": 0.859}","{""anthropic.claude-sonnet-4-20250514-v1:0"": 0.814, ""gpt-5-2025-08-07"": 0.837}",completed,/Users/lizhon/PycharmProjects/WebexSuiteAI/dataset-pipeline/dataset/views/meeting_notes/evaluation/internal/t_302231191468361059160146080188341481527/offline/evaluation_report_standard_gpt-54.json
detail,meeting_model,city_council,t_309367437911403195908081074540947829369,gpt-4.1,,2,0.666,0.837,0.75,"{""anthropic.claude-sonnet-4-20250514-v1:0"": 0.75, ""gpt-5-2025-08-07"": 0.583}","{""anthropic.claude-sonnet-4-20250514-v1:0"": 0.857, ""gpt-5-2025-08-07"": 0.818}","{""anthropic.claude-sonnet-4-20250514-v1:0"": 0.75, ""gpt-5-2025-08-07"": 0.75}",completed,/Users/lizhon/PycharmProjects/WebexSuiteAI/dataset-pipeline/dataset/views/meeting_notes/evaluation/internal/t_309367437911403195908081074540947829369/offline/evaluation_report_standard_gpt-41.json
detail,meeting_model,city_council,t_309367437911403195908081074540947829369,gpt-5.4,,2,0.737,0.454,0.438,"{""anthropic.claude-sonnet-4-20250514-v1:0"": 0.737, ""gpt-5-2025-08-07"": 0.737}","{""anthropic.claude-sonnet-4-20250514-v1:0"": 0, ""gpt-5-2025-08-07"": 0.908}","{""anthropic.claude-sonnet-4-20250514-v1:0"": 0.875, ""gpt-5-2025-08-07"": 0.0}",completed,/Users/lizhon/PycharmProjects/WebexSuiteAI/dataset-pipeline/dataset/views/meeting_notes/evaluation/internal/t_309367437911403195908081074540947829369/offline/evaluation_report_standard_gpt-54.json
detail,meeting_model,city_council,t_319298185206145240523087481740297068110,gpt-4.1,,2,0.789,0.826,0.911,"{""anthropic.claude-sonnet-4-20250514-v1:0"": 0.947, ""gpt-5-2025-08-07"": 0.632}","{""anthropic.claude-sonnet-4-20250514-v1:0"": 0.82, ""gpt-5-2025-08-07"": 0.832}","{""anthropic.claude-sonnet-4-20250514-v1:0"": 0.941, ""gpt-5-2025-08-07"": 0.882}",completed,/Users/lizhon/PycharmProjects/WebexSuiteAI/dataset-pipeline/dataset/views/meeting_notes/evaluation/internal/t_319298185206145240523087481740297068110/offline/evaluation_report_standard_gpt-41.json
detail,meeting_model,city_council,t_319298185206145240523087481740297068110,gpt-5.4,,2,0.909,0.865,1,"{""anthropic.claude-sonnet-4-20250514-v1:0"": 0.909, ""gpt-5-2025-08-07"": 0.909}","{""anthropic.claude-sonnet-4-20250514-v1:0"": 0.838, ""gpt-5-2025-08-07"": 0.893}","{""anthropic.claude-sonnet-4-20250514-v1:0"": 1.0, ""gpt-5-2025-08-07"": 1.0}",completed,/Users/lizhon/PycharmProjects/WebexSuiteAI/dataset-pipeline/dataset/views/meeting_notes/evaluation/internal/t_319298185206145240523087481740297068110/offline/evaluation_report_standard_gpt-54.json
detail,meeting_model,city_council,t_319721751720091446506953863822689932873,gpt-4.1,,2,0.869,0.801,0.85,"{""anthropic.claude-sonnet-4-20250514-v1:0"": 0.895, ""gpt-5-2025-08-07"": 0.842}","{""anthropic.claude-sonnet-4-20250514-v1:0"": 0.812, ""gpt-5-2025-08-07"": 0.79}","{""anthropic.claude-sonnet-4-20250514-v1:0"": 0.9, ""gpt-5-2025-08-07"": 0.8}",completed,/Users/lizhon/PycharmProjects/WebexSuiteAI/dataset-pipeline/dataset/views/meeting_notes/evaluation/internal/t_319721751720091446506953863822689932873/offline/evaluation_report_standard_gpt-41.json
detail,meeting_model,city_council,t_319721751720091446506953863822689932873,gpt-5.4,,2,0.833,0.881,0.9,"{""anthropic.claude-sonnet-4-20250514-v1:0"": 0.833, ""gpt-5-2025-08-07"": 0.833}","{""anthropic.claude-sonnet-4-20250514-v1:0"": 0.862, ""gpt-5-2025-08-07"": 0.901}","{""anthropic.claude-sonnet-4-20250514-v1:0"": 0.9, ""gpt-5-2025-08-07"": 0.9}",completed,/Users/lizhon/PycharmProjects/WebexSuiteAI/dataset-pipeline/dataset/views/meeting_notes/evaluation/internal/t_319721751720091446506953863822689932873/offline/evaluation_report_standard_gpt-54.json
detail,meeting_model,city_council,t_320511298686560210701155163868323612054,gpt-4.1,,2,0.879,0.75,0.706,"{""anthropic.claude-sonnet-4-20250514-v1:0"": 0.897, ""gpt-5-2025-08-07"": 0.862}","{""anthropic.claude-sonnet-4-20250514-v1:0"": 0.81, ""gpt-5-2025-08-07"": 0.691}","{""anthropic.claude-sonnet-4-20250514-v1:0"": 0.676, ""gpt-5-2025-08-07"": 0.735}",completed,/Users/lizhon/PycharmProjects/WebexSuiteAI/dataset-pipeline/dataset/views/meeting_notes/evaluation/internal/t_320511298686560210701155163868323612054/offline/evaluation_report_standard_gpt-41.json
detail,meeting_model,city_council,t_320511298686560210701155163868323612054,gpt-5.4,,2,0.81,0.891,0.809,"{""anthropic.claude-sonnet-4-20250514-v1:0"": 0.86, ""gpt-5-2025-08-07"": 0.76}","{""anthropic.claude-sonnet-4-20250514-v1:0"": 0.844, ""gpt-5-2025-08-07"": 0.938}","{""anthropic.claude-sonnet-4-20250514-v1:0"": 0.824, ""gpt-5-2025-08-07"": 0.794}",completed,/Users/lizhon/PycharmProjects/WebexSuiteAI/dataset-pipeline/dataset/views/meeting_notes/evaluation/internal/t_320511298686560210701155163868323612054/offline/evaluation_report_standard_gpt-54.json
detail,meeting_model,city_council,t_325592405081130796321082217307291061850,gpt-4.1,,2,0.855,0.785,0.871,"{""anthropic.claude-sonnet-4-20250514-v1:0"": 0.917, ""gpt-5-2025-08-07"": 0.792}","{""anthropic.claude-sonnet-4-20250514-v1:0"": 0.821, ""gpt-5-2025-08-07"": 0.75}","{""anthropic.claude-sonnet-4-20250514-v1:0"": 0.943, ""gpt-5-2025-08-07"": 0.8}",completed,/Users/lizhon/PycharmProjects/WebexSuiteAI/dataset-pipeline/dataset/views/meeting_notes/evaluation/internal/t_325592405081130796321082217307291061850/offline/evaluation_report_standard_gpt-41.json
detail,meeting_model,city_council,t_325592405081130796321082217307291061850,gpt-5.4,,2,0.871,0.823,0.729,"{""anthropic.claude-sonnet-4-20250514-v1:0"": 0.889, ""gpt-5-2025-08-07"": 0.852}","{""anthropic.claude-sonnet-4-20250514-v1:0"": 0.839, ""gpt-5-2025-08-07"": 0.806}","{""anthropic.claude-sonnet-4-20250514-v1:0"": 0.8, ""gpt-5-2025-08-07"": 0.657}",completed,/Users/lizhon/PycharmProjects/WebexSuiteAI/dataset-pipeline/dataset/views/meeting_notes/evaluation/internal/t_325592405081130796321082217307291061850/offline/evaluation_report_standard_gpt-54.json
detail,meeting_model,city_council,t_51002772535039007152119452769145788156,gpt-4.1,,2,0.85,0.828,0.822,"{""anthropic.claude-sonnet-4-20250514-v1:0"": 0.85, ""gpt-5-2025-08-07"": 0.85}","{""anthropic.claude-sonnet-4-20250514-v1:0"": 0.808, ""gpt-5-2025-08-07"": 0.848}","{""anthropic.claude-sonnet-4-20250514-v1:0"": 0.786, ""gpt-5-2025-08-07"": 0.857}",completed,/Users/lizhon/PycharmProjects/WebexSuiteAI/dataset-pipeline/dataset/views/meeting_notes/evaluation/internal/t_51002772535039007152119452769145788156/offline/evaluation_report_standard_gpt-41.json
detail,meeting_model,city_council,t_51002772535039007152119452769145788156,gpt-5.4,,2,0.858,0.893,0.858,"{""anthropic.claude-sonnet-4-20250514-v1:0"": 0.905, ""gpt-5-2025-08-07"": 0.81}","{""anthropic.claude-sonnet-4-20250514-v1:0"": 0.887, ""gpt-5-2025-08-07"": 0.898}","{""anthropic.claude-sonnet-4-20250514-v1:0"": 0.786, ""gpt-5-2025-08-07"": 0.929}",completed,/Users/lizhon/PycharmProjects/WebexSuiteAI/dataset-pipeline/dataset/views/meeting_notes/evaluation/internal/t_51002772535039007152119452769145788156/offline/evaluation_report_standard_gpt-54.json
detail,meeting_model,city_council,t_73432580758343526481036314189906149471,gpt-4.1,,2,0.75,0.889,0.714,"{""anthropic.claude-sonnet-4-20250514-v1:0"": 0.8, ""gpt-5-2025-08-07"": 0.7}","{""anthropic.claude-sonnet-4-20250514-v1:0"": 0.89, ""gpt-5-2025-08-07"": 0.888}","{""anthropic.claude-sonnet-4-20250514-v1:0"": 0.714, ""gpt-5-2025-08-07"": 0.714}",completed,/Users/lizhon/PycharmProjects/WebexSuiteAI/dataset-pipeline/dataset/views/meeting_notes/evaluation/internal/t_73432580758343526481036314189906149471/offline/evaluation_report_standard_gpt-41.json
detail,meeting_model,city_council,t_73432580758343526481036314189906149471,gpt-5.4,,2,0.857,0.853,0.714,"{""anthropic.claude-sonnet-4-20250514-v1:0"": 0.857, ""gpt-5-2025-08-07"": 0.857}","{""anthropic.claude-sonnet-4-20250514-v1:0"": 0.87, ""gpt-5-2025-08-07"": 0.836}","{""anthropic.claude-sonnet-4-20250514-v1:0"": 0.714, ""gpt-5-2025-08-07"": 0.714}",completed,/Users/lizhon/PycharmProjects/WebexSuiteAI/dataset-pipeline/dataset/views/meeting_notes/evaluation/internal/t_73432580758343526481036314189906149471/offline/evaluation_report_standard_gpt-54.json
detail,meeting_model,city_council,t_77969873731330595433843703212771096329,gpt-4.1,,2,0.649,0.752,0.839,"{""anthropic.claude-sonnet-4-20250514-v1:0"": 0.667, ""gpt-5-2025-08-07"": 0.63}","{""anthropic.claude-sonnet-4-20250514-v1:0"": 0.804, ""gpt-5-2025-08-07"": 0.701}","{""anthropic.claude-sonnet-4-20250514-v1:0"": 0.857, ""gpt-5-2025-08-07"": 0.821}",completed,/Users/lizhon/PycharmProjects/WebexSuiteAI/dataset-pipeline/dataset/views/meeting_notes/evaluation/internal/t_77969873731330595433843703212771096329/offline/evaluation_report_standard_gpt-41.json
detail,meeting_model,city_council,t_77969873731330595433843703212771096329,gpt-5.4,,2,0.647,0.804,0.768,"{""anthropic.claude-sonnet-4-20250514-v1:0"": 0.659, ""gpt-5-2025-08-07"": 0.634}","{""anthropic.claude-sonnet-4-20250514-v1:0"": 0.79, ""gpt-5-2025-08-07"": 0.819}","{""anthropic.claude-sonnet-4-20250514-v1:0"": 0.786, ""gpt-5-2025-08-07"": 0.75}",completed,/Users/lizhon/PycharmProjects/WebexSuiteAI/dataset-pipeline/dataset/views/meeting_notes/evaluation/internal/t_77969873731330595433843703212771096329/offline/evaluation_report_standard_gpt-54.json
detail,meeting_model,city_council,t_83080186118896375733521857914163589641,gpt-4.1,,2,0.613,0.819,0.916,"{""anthropic.claude-sonnet-4-20250514-v1:0"": 0.645, ""gpt-5-2025-08-07"": 0.581}","{""anthropic.claude-sonnet-4-20250514-v1:0"": 0.836, ""gpt-5-2025-08-07"": 0.801}","{""anthropic.claude-sonnet-4-20250514-v1:0"": 0.958, ""gpt-5-2025-08-07"": 0.875}",completed,/Users/lizhon/PycharmProjects/WebexSuiteAI/dataset-pipeline/dataset/views/meeting_notes/evaluation/internal/t_83080186118896375733521857914163589641/offline/evaluation_report_standard_gpt-41.json
detail,meeting_model,city_council,t_83080186118896375733521857914163589641,gpt-5.4,,2,0.779,0.877,1,"{""anthropic.claude-sonnet-4-20250514-v1:0"": 0.712, ""gpt-5-2025-08-07"": 0.847}","{""anthropic.claude-sonnet-4-20250514-v1:0"": 0.844, ""gpt-5-2025-08-07"": 0.91}","{""anthropic.claude-sonnet-4-20250514-v1:0"": 1.0, ""gpt-5-2025-08-07"": 1.0}",completed,/Users/lizhon/PycharmProjects/WebexSuiteAI/dataset-pipeline/dataset/views/meeting_notes/evaluation/internal/t_83080186118896375733521857914163589641/offline/evaluation_report_standard_gpt-54.json
detail,meeting_model,city_council,t_85889445716932507123321064915811827639,gpt-4.1,,2,1,0.806,0.707,"{""anthropic.claude-sonnet-4-20250514-v1:0"": 1.0, ""gpt-5-2025-08-07"": 1.0}","{""anthropic.claude-sonnet-4-20250514-v1:0"": 0.847, ""gpt-5-2025-08-07"": 0.766}","{""anthropic.claude-sonnet-4-20250514-v1:0"": 0.783, ""gpt-5-2025-08-07"": 0.63}",completed,/Users/lizhon/PycharmProjects/WebexSuiteAI/dataset-pipeline/dataset/views/meeting_notes/evaluation/internal/t_85889445716932507123321064915811827639/offline/evaluation_report_standard_gpt-41.json
detail,meeting_model,city_council,t_85889445716932507123321064915811827639,gpt-5.4,,2,0.903,0.847,0.837,"{""anthropic.claude-sonnet-4-20250514-v1:0"": 0.927, ""gpt-5-2025-08-07"": 0.878}","{""anthropic.claude-sonnet-4-20250514-v1:0"": 0.875, ""gpt-5-2025-08-07"": 0.819}","{""anthropic.claude-sonnet-4-20250514-v1:0"": 0.848, ""gpt-5-2025-08-07"": 0.826}",completed,/Users/lizhon/PycharmProjects/WebexSuiteAI/dataset-pipeline/dataset/views/meeting_notes/evaluation/internal/t_85889445716932507123321064915811827639/offline/evaluation_report_standard_gpt-54.json
detail,meeting_model,private_data,t_001,gpt-4.1,,2,0.75,0.82,0.928,"{""anthropic.claude-sonnet-4-20250514-v1:0"": 0.8, ""gpt-5-2025-08-07"": 0.7}","{""anthropic.claude-sonnet-4-20250514-v1:0"": 0.842, ""gpt-5-2025-08-07"": 0.797}","{""anthropic.claude-sonnet-4-20250514-v1:0"": 1.0, ""gpt-5-2025-08-07"": 0.857}",reused,/Users/lizhon/PycharmProjects/WebexSuiteAI/dataset-pipeline/dataset/views/meeting_notes/evaluation/internal/t_001/offline/evaluation_report_standard_gpt-41.json
detail,meeting_model,private_data,t_001,gpt-5.4,,2,0.708,0.859,1,"{""anthropic.claude-sonnet-4-20250514-v1:0"": 0.732, ""gpt-5-2025-08-07"": 0.683}","{""anthropic.claude-sonnet-4-20250514-v1:0"": 0.84, ""gpt-5-2025-08-07"": 0.877}","{""anthropic.claude-sonnet-4-20250514-v1:0"": 1.0, ""gpt-5-2025-08-07"": 1.0}",reused,/Users/lizhon/PycharmProjects/WebexSuiteAI/dataset-pipeline/dataset/views/meeting_notes/evaluation/internal/t_001/offline/evaluation_report_standard_gpt-54.json
detail,meeting_model,private_data,t_002,gpt-4.1,,2,0.744,0.789,0.919,"{""anthropic.claude-sonnet-4-20250514-v1:0"": 0.822, ""gpt-5-2025-08-07"": 0.667}","{""anthropic.claude-sonnet-4-20250514-v1:0"": 0.823, ""gpt-5-2025-08-07"": 0.755}","{""anthropic.claude-sonnet-4-20250514-v1:0"": 1.0, ""gpt-5-2025-08-07"": 0.839}",reused,/Users/lizhon/PycharmProjects/WebexSuiteAI/dataset-pipeline/dataset/views/meeting_notes/evaluation/internal/t_002/offline/evaluation_report_standard_gpt-41.json
detail,meeting_model,private_data,t_002,gpt-5.4,,2,0.81,0.855,0.984,"{""anthropic.claude-sonnet-4-20250514-v1:0"": 0.86, ""gpt-5-2025-08-07"": 0.76}","{""anthropic.claude-sonnet-4-20250514-v1:0"": 0.852, ""gpt-5-2025-08-07"": 0.859}","{""anthropic.claude-sonnet-4-20250514-v1:0"": 0.968, ""gpt-5-2025-08-07"": 1.0}",reused,/Users/lizhon/PycharmProjects/WebexSuiteAI/dataset-pipeline/dataset/views/meeting_notes/evaluation/internal/t_002/offline/evaluation_report_standard_gpt-54.json
detail,meeting_model,private_data,t_003,gpt-4.1,,2,0.864,0.813,0.891,"{""anthropic.claude-sonnet-4-20250514-v1:0"": 0.864, ""gpt-5-2025-08-07"": 0.864}","{""anthropic.claude-sonnet-4-20250514-v1:0"": 0.857, ""gpt-5-2025-08-07"": 0.769}","{""anthropic.claude-sonnet-4-20250514-v1:0"": 0.906, ""gpt-5-2025-08-07"": 0.875}",reused,/Users/lizhon/PycharmProjects/WebexSuiteAI/dataset-pipeline/dataset/views/meeting_notes/evaluation/internal/t_003/offline/evaluation_report_standard_gpt-41.json
detail,meeting_model,private_data,t_003,gpt-5.4,,2,0.802,0.875,0.954,"{""anthropic.claude-sonnet-4-20250514-v1:0"": 0.811, ""gpt-5-2025-08-07"": 0.792}","{""anthropic.claude-sonnet-4-20250514-v1:0"": 0.858, ""gpt-5-2025-08-07"": 0.892}","{""anthropic.claude-sonnet-4-20250514-v1:0"": 0.969, ""gpt-5-2025-08-07"": 0.938}",reused,/Users/lizhon/PycharmProjects/WebexSuiteAI/dataset-pipeline/dataset/views/meeting_notes/evaluation/internal/t_003/offline/evaluation_report_standard_gpt-54.json
detail,meeting_model,private_data,t_004,gpt-4.1,,2,0.728,0.735,0.773,"{""anthropic.claude-sonnet-4-20250514-v1:0"": 0.667, ""gpt-5-2025-08-07"": 0.788}","{""anthropic.claude-sonnet-4-20250514-v1:0"": 0.8, ""gpt-5-2025-08-07"": 0.67}","{""anthropic.claude-sonnet-4-20250514-v1:0"": 0.879, ""gpt-5-2025-08-07"": 0.667}",reused,/Users/lizhon/PycharmProjects/WebexSuiteAI/dataset-pipeline/dataset/views/meeting_notes/evaluation/internal/t_004/offline/evaluation_report_standard_gpt-41.json
detail,meeting_model,private_data,t_004,gpt-5.4,,2,0.765,0.863,0.879,"{""anthropic.claude-sonnet-4-20250514-v1:0"": 0.765, ""gpt-5-2025-08-07"": 0.765}","{""anthropic.claude-sonnet-4-20250514-v1:0"": 0.855, ""gpt-5-2025-08-07"": 0.87}","{""anthropic.claude-sonnet-4-20250514-v1:0"": 0.879, ""gpt-5-2025-08-07"": 0.879}",reused,/Users/lizhon/PycharmProjects/WebexSuiteAI/dataset-pipeline/dataset/views/meeting_notes/evaluation/internal/t_004/offline/evaluation_report_standard_gpt-54.json
detail,meeting_model,private_data,t_005,gpt-4.1,,2,0.79,0.814,0.928,"{""anthropic.claude-sonnet-4-20250514-v1:0"": 0.742, ""gpt-5-2025-08-07"": 0.839}","{""anthropic.claude-sonnet-4-20250514-v1:0"": 0.823, ""gpt-5-2025-08-07"": 0.804}","{""anthropic.claude-sonnet-4-20250514-v1:0"": 1.0, ""gpt-5-2025-08-07"": 0.857}",reused,/Users/lizhon/PycharmProjects/WebexSuiteAI/dataset-pipeline/dataset/views/meeting_notes/evaluation/internal/t_005/offline/evaluation_report_standard_gpt-41.json
detail,meeting_model,private_data,t_005,gpt-5.4,,2,0.889,0.885,0.964,"{""anthropic.claude-sonnet-4-20250514-v1:0"": 0.852, ""gpt-5-2025-08-07"": 0.926}","{""anthropic.claude-sonnet-4-20250514-v1:0"": 0.878, ""gpt-5-2025-08-07"": 0.893}","{""anthropic.claude-sonnet-4-20250514-v1:0"": 0.964, ""gpt-5-2025-08-07"": 0.964}",reused,/Users/lizhon/PycharmProjects/WebexSuiteAI/dataset-pipeline/dataset/views/meeting_notes/evaluation/internal/t_005/offline/evaluation_report_standard_gpt-54.json
detail,meeting_model,private_data,t_006,gpt-4.1,,2,0.857,0.787,0.786,"{""anthropic.claude-sonnet-4-20250514-v1:0"": 0.881, ""gpt-5-2025-08-07"": 0.833}","{""anthropic.claude-sonnet-4-20250514-v1:0"": 0.817, ""gpt-5-2025-08-07"": 0.758}","{""anthropic.claude-sonnet-4-20250514-v1:0"": 0.898, ""gpt-5-2025-08-07"": 0.673}",reused,/Users/lizhon/PycharmProjects/WebexSuiteAI/dataset-pipeline/dataset/views/meeting_notes/evaluation/internal/t_006/offline/evaluation_report_standard_gpt-41.json
detail,meeting_model,private_data,t_006,gpt-5.4,,2,0.86,0.859,0.97,"{""anthropic.claude-sonnet-4-20250514-v1:0"": 0.866, ""gpt-5-2025-08-07"": 0.854}","{""anthropic.claude-sonnet-4-20250514-v1:0"": 0.848, ""gpt-5-2025-08-07"": 0.871}","{""anthropic.claude-sonnet-4-20250514-v1:0"": 1.0, ""gpt-5-2025-08-07"": 0.939}",reused,/Users/lizhon/PycharmProjects/WebexSuiteAI/dataset-pipeline/dataset/views/meeting_notes/evaluation/internal/t_006/offline/evaluation_report_standard_gpt-54.json
detail,meeting_model,private_data,t_007,gpt-4.1,,2,0.576,0.786,0.715,"{""anthropic.claude-sonnet-4-20250514-v1:0"": 0.697, ""gpt-5-2025-08-07"": 0.455}","{""anthropic.claude-sonnet-4-20250514-v1:0"": 0.812, ""gpt-5-2025-08-07"": 0.76}","{""anthropic.claude-sonnet-4-20250514-v1:0"": 0.776, ""gpt-5-2025-08-07"": 0.653}",reused,/Users/lizhon/PycharmProjects/WebexSuiteAI/dataset-pipeline/dataset/views/meeting_notes/evaluation/internal/t_007/offline/evaluation_report_standard_gpt-41.json
detail,meeting_model,private_data,t_007,gpt-5.4,,2,0.514,0.867,0.918,"{""anthropic.claude-sonnet-4-20250514-v1:0"": 0.647, ""gpt-5-2025-08-07"": 0.382}","{""anthropic.claude-sonnet-4-20250514-v1:0"": 0.871, ""gpt-5-2025-08-07"": 0.864}","{""anthropic.claude-sonnet-4-20250514-v1:0"": 0.918, ""gpt-5-2025-08-07"": 0.918}",reused,/Users/lizhon/PycharmProjects/WebexSuiteAI/dataset-pipeline/dataset/views/meeting_notes/evaluation/internal/t_007/offline/evaluation_report_standard_gpt-54.json
detail,meeting_model,private_data,t_008,gpt-4.1,,2,0.75,0.807,0.879,"{""anthropic.claude-sonnet-4-20250514-v1:0"": 0.821, ""gpt-5-2025-08-07"": 0.679}","{""anthropic.claude-sonnet-4-20250514-v1:0"": 0.785, ""gpt-5-2025-08-07"": 0.83}","{""anthropic.claude-sonnet-4-20250514-v1:0"": 0.848, ""gpt-5-2025-08-07"": 0.909}",reused,/Users/lizhon/PycharmProjects/WebexSuiteAI/dataset-pipeline/dataset/views/meeting_notes/evaluation/internal/t_008/offline/evaluation_report_standard_gpt-41.json
detail,meeting_model,private_data,t_008,gpt-5.4,,2,0.773,0.841,0.97,"{""anthropic.claude-sonnet-4-20250514-v1:0"": 0.788, ""gpt-5-2025-08-07"": 0.758}","{""anthropic.claude-sonnet-4-20250514-v1:0"": 0.825, ""gpt-5-2025-08-07"": 0.858}","{""anthropic.claude-sonnet-4-20250514-v1:0"": 0.97, ""gpt-5-2025-08-07"": 0.97}",reused,/Users/lizhon/PycharmProjects/WebexSuiteAI/dataset-pipeline/dataset/views/meeting_notes/evaluation/internal/t_008/offline/evaluation_report_standard_gpt-54.json
detail,meeting_model,private_data,t_009,gpt-4.1,,2,0.575,0.804,0.736,"{""anthropic.claude-sonnet-4-20250514-v1:0"": 0.7, ""gpt-5-2025-08-07"": 0.45}","{""anthropic.claude-sonnet-4-20250514-v1:0"": 0.8, ""gpt-5-2025-08-07"": 0.807}","{""anthropic.claude-sonnet-4-20250514-v1:0"": 0.824, ""gpt-5-2025-08-07"": 0.647}",reused,/Users/lizhon/PycharmProjects/WebexSuiteAI/dataset-pipeline/dataset/views/meeting_notes/evaluation/internal/t_009/offline/evaluation_report_standard_gpt-41.json
detail,meeting_model,private_data,t_009,gpt-5.4,,2,0.721,0.865,0.839,"{""anthropic.claude-sonnet-4-20250514-v1:0"": 0.765, ""gpt-5-2025-08-07"": 0.676}","{""anthropic.claude-sonnet-4-20250514-v1:0"": 0.852, ""gpt-5-2025-08-07"": 0.877}","{""anthropic.claude-sonnet-4-20250514-v1:0"": 0.853, ""gpt-5-2025-08-07"": 0.824}",reused,/Users/lizhon/PycharmProjects/WebexSuiteAI/dataset-pipeline/dataset/views/meeting_notes/evaluation/internal/t_009/offline/evaluation_report_standard_gpt-54.json
detail,meeting_model,private_data,t_010,gpt-4.1,,2,0.683,0.841,0.87,"{""anthropic.claude-sonnet-4-20250514-v1:0"": 0.712, ""gpt-5-2025-08-07"": 0.654}","{""anthropic.claude-sonnet-4-20250514-v1:0"": 0.859, ""gpt-5-2025-08-07"": 0.823}","{""anthropic.claude-sonnet-4-20250514-v1:0"": 0.87, ""gpt-5-2025-08-07"": 0.87}",reused,/Users/lizhon/PycharmProjects/WebexSuiteAI/dataset-pipeline/dataset/views/meeting_notes/evaluation/internal/t_010/offline/evaluation_report_standard_gpt-41.json
detail,meeting_model,private_data,t_010,gpt-5.4,,2,0.779,0.878,1,"{""anthropic.claude-sonnet-4-20250514-v1:0"": 0.74, ""gpt-5-2025-08-07"": 0.818}","{""anthropic.claude-sonnet-4-20250514-v1:0"": 0.883, ""gpt-5-2025-08-07"": 0.873}","{""anthropic.claude-sonnet-4-20250514-v1:0"": 1.0, ""gpt-5-2025-08-07"": 1.0}",reused,/Users/lizhon/PycharmProjects/WebexSuiteAI/dataset-pipeline/dataset/views/meeting_notes/evaluation/internal/t_010/offline/evaluation_report_standard_gpt-54.json
detail,meeting_model,private_data,t_011,gpt-4.1,,2,0.659,0.821,0.75,"{""anthropic.claude-sonnet-4-20250514-v1:0"": 0.682, ""gpt-5-2025-08-07"": 0.636}","{""anthropic.claude-sonnet-4-20250514-v1:0"": 0.833, ""gpt-5-2025-08-07"": 0.808}","{""anthropic.claude-sonnet-4-20250514-v1:0"": 0.708, ""gpt-5-2025-08-07"": 0.792}",reused,/Users/lizhon/PycharmProjects/WebexSuiteAI/dataset-pipeline/dataset/views/meeting_notes/evaluation/internal/t_011/offline/evaluation_report_standard_gpt-41.json
detail,meeting_model,private_data,t_011,gpt-5.4,,2,0.879,0.827,0.854,"{""anthropic.claude-sonnet-4-20250514-v1:0"": 0.966, ""gpt-5-2025-08-07"": 0.793}","{""anthropic.claude-sonnet-4-20250514-v1:0"": 0.826, ""gpt-5-2025-08-07"": 0.827}","{""anthropic.claude-sonnet-4-20250514-v1:0"": 0.833, ""gpt-5-2025-08-07"": 0.875}",completed,/Users/lizhon/PycharmProjects/WebexSuiteAI/dataset-pipeline/dataset/views/meeting_notes/evaluation/internal/t_011/offline/evaluation_report_standard_gpt-54.json
detail,meeting_model,private_data,t_012,gpt-4.1,,2,0.729,0.817,0.85,"{""anthropic.claude-sonnet-4-20250514-v1:0"": 0.75, ""gpt-5-2025-08-07"": 0.708}","{""anthropic.claude-sonnet-4-20250514-v1:0"": 0.796, ""gpt-5-2025-08-07"": 0.837}","{""anthropic.claude-sonnet-4-20250514-v1:0"": 0.85, ""gpt-5-2025-08-07"": 0.85}",completed,/Users/lizhon/PycharmProjects/WebexSuiteAI/dataset-pipeline/dataset/views/meeting_notes/evaluation/internal/t_012/offline/evaluation_report_standard_gpt-41.json
detail,meeting_model,private_data,t_012,gpt-5.4,,2,0.714,0.903,0.925,"{""anthropic.claude-sonnet-4-20250514-v1:0"": 0.771, ""gpt-5-2025-08-07"": 0.657}","{""anthropic.claude-sonnet-4-20250514-v1:0"": 0.893, ""gpt-5-2025-08-07"": 0.913}","{""anthropic.claude-sonnet-4-20250514-v1:0"": 0.95, ""gpt-5-2025-08-07"": 0.9}",completed,/Users/lizhon/PycharmProjects/WebexSuiteAI/dataset-pipeline/dataset/views/meeting_notes/evaluation/internal/t_012/offline/evaluation_report_standard_gpt-54.json
detail,meeting_model,private_data,t_013,gpt-4.1,,2,0.635,0.785,0.631,"{""anthropic.claude-sonnet-4-20250514-v1:0"": 0.732, ""gpt-5-2025-08-07"": 0.537}","{""anthropic.claude-sonnet-4-20250514-v1:0"": 0.82, ""gpt-5-2025-08-07"": 0.751}","{""anthropic.claude-sonnet-4-20250514-v1:0"": 0.684, ""gpt-5-2025-08-07"": 0.579}",completed,/Users/lizhon/PycharmProjects/WebexSuiteAI/dataset-pipeline/dataset/views/meeting_notes/evaluation/internal/t_013/offline/evaluation_report_standard_gpt-41.json
detail,meeting_model,private_data,t_013,gpt-5.4,,2,0.672,0.887,0.987,"{""anthropic.claude-sonnet-4-20250514-v1:0"": 0.745, ""gpt-5-2025-08-07"": 0.6}","{""anthropic.claude-sonnet-4-20250514-v1:0"": 0.864, ""gpt-5-2025-08-07"": 0.909}","{""anthropic.claude-sonnet-4-20250514-v1:0"": 1.0, ""gpt-5-2025-08-07"": 0.974}",completed,/Users/lizhon/PycharmProjects/WebexSuiteAI/dataset-pipeline/dataset/views/meeting_notes/evaluation/internal/t_013/offline/evaluation_report_standard_gpt-54.json
detail,meeting_model,private_data,t_014,gpt-4.1,,2,0.808,0.768,0.897,"{""anthropic.claude-sonnet-4-20250514-v1:0"": 0.821, ""gpt-5-2025-08-07"": 0.795}","{""anthropic.claude-sonnet-4-20250514-v1:0"": 0.804, ""gpt-5-2025-08-07"": 0.732}","{""anthropic.claude-sonnet-4-20250514-v1:0"": 0.931, ""gpt-5-2025-08-07"": 0.862}",completed,/Users/lizhon/PycharmProjects/WebexSuiteAI/dataset-pipeline/dataset/views/meeting_notes/evaluation/internal/t_014/offline/evaluation_report_standard_gpt-41.json
detail,meeting_model,private_data,t_014,gpt-5.4,,2,0.732,0.839,0.845,"{""anthropic.claude-sonnet-4-20250514-v1:0"": 0.741, ""gpt-5-2025-08-07"": 0.722}","{""anthropic.claude-sonnet-4-20250514-v1:0"": 0.821, ""gpt-5-2025-08-07"": 0.856}","{""anthropic.claude-sonnet-4-20250514-v1:0"": 0.862, ""gpt-5-2025-08-07"": 0.828}",completed,/Users/lizhon/PycharmProjects/WebexSuiteAI/dataset-pipeline/dataset/views/meeting_notes/evaluation/internal/t_014/offline/evaluation_report_standard_gpt-54.json
detail,meeting_model,private_data,t_015,gpt-4.1,,2,0.777,0.861,0.938,"{""anthropic.claude-sonnet-4-20250514-v1:0"": 0.722, ""gpt-5-2025-08-07"": 0.833}","{""anthropic.claude-sonnet-4-20250514-v1:0"": 0.86, ""gpt-5-2025-08-07"": 0.861}","{""anthropic.claude-sonnet-4-20250514-v1:0"": 0.938, ""gpt-5-2025-08-07"": 0.938}",completed,/Users/lizhon/PycharmProjects/WebexSuiteAI/dataset-pipeline/dataset/views/meeting_notes/evaluation/internal/t_015/offline/evaluation_report_standard_gpt-41.json
detail,meeting_model,private_data,t_015,gpt-5.4,,2,0.781,0.859,0.906,"{""anthropic.claude-sonnet-4-20250514-v1:0"": 0.75, ""gpt-5-2025-08-07"": 0.812}","{""anthropic.claude-sonnet-4-20250514-v1:0"": 0.827, ""gpt-5-2025-08-07"": 0.89}","{""anthropic.claude-sonnet-4-20250514-v1:0"": 0.875, ""gpt-5-2025-08-07"": 0.938}",completed,/Users/lizhon/PycharmProjects/WebexSuiteAI/dataset-pipeline/dataset/views/meeting_notes/evaluation/internal/t_015/offline/evaluation_report_standard_gpt-54.json
detail,meeting_model,private_data,t_016,gpt-4.1,,2,0.828,0.829,0.727,"{""anthropic.claude-sonnet-4-20250514-v1:0"": 0.844, ""gpt-5-2025-08-07"": 0.812}","{""anthropic.claude-sonnet-4-20250514-v1:0"": 0.797, ""gpt-5-2025-08-07"": 0.861}","{""anthropic.claude-sonnet-4-20250514-v1:0"": 0.727, ""gpt-5-2025-08-07"": 0.727}",completed,/Users/lizhon/PycharmProjects/WebexSuiteAI/dataset-pipeline/dataset/views/meeting_notes/evaluation/internal/t_016/offline/evaluation_report_standard_gpt-41.json
detail,meeting_model,private_data,t_016,gpt-5.4,,2,0.834,0.846,0.955,"{""anthropic.claude-sonnet-4-20250514-v1:0"": 0.872, ""gpt-5-2025-08-07"": 0.795}","{""anthropic.claude-sonnet-4-20250514-v1:0"": 0.79, ""gpt-5-2025-08-07"": 0.902}","{""anthropic.claude-sonnet-4-20250514-v1:0"": 0.955, ""gpt-5-2025-08-07"": 0.955}",completed,/Users/lizhon/PycharmProjects/WebexSuiteAI/dataset-pipeline/dataset/views/meeting_notes/evaluation/internal/t_016/offline/evaluation_report_standard_gpt-54.json
detail,meeting_model,private_data,t_017,gpt-4.1,,2,0.589,0.796,0.71,"{""anthropic.claude-sonnet-4-20250514-v1:0"": 0.607, ""gpt-5-2025-08-07"": 0.571}","{""anthropic.claude-sonnet-4-20250514-v1:0"": 0.809, ""gpt-5-2025-08-07"": 0.783}","{""anthropic.claude-sonnet-4-20250514-v1:0"": 0.71, ""gpt-5-2025-08-07"": 0.71}",completed,/Users/lizhon/PycharmProjects/WebexSuiteAI/dataset-pipeline/dataset/views/meeting_notes/evaluation/internal/t_017/offline/evaluation_report_standard_gpt-41.json
detail,meeting_model,private_data,t_017,gpt-5.4,,2,0.713,0.867,0.952,"{""anthropic.claude-sonnet-4-20250514-v1:0"": 0.722, ""gpt-5-2025-08-07"": 0.704}","{""anthropic.claude-sonnet-4-20250514-v1:0"": 0.843, ""gpt-5-2025-08-07"": 0.891}","{""anthropic.claude-sonnet-4-20250514-v1:0"": 0.935, ""gpt-5-2025-08-07"": 0.968}",completed,/Users/lizhon/PycharmProjects/WebexSuiteAI/dataset-pipeline/dataset/views/meeting_notes/evaluation/internal/t_017/offline/evaluation_report_standard_gpt-54.json
detail,meeting_model,private_data,t_017_r,gpt-4.1,,2,0.709,0.762,0.809,"{""anthropic.claude-sonnet-4-20250514-v1:0"": 0.75, ""gpt-5-2025-08-07"": 0.667}","{""anthropic.claude-sonnet-4-20250514-v1:0"": 0.827, ""gpt-5-2025-08-07"": 0.698}","{""anthropic.claude-sonnet-4-20250514-v1:0"": 0.905, ""gpt-5-2025-08-07"": 0.714}",completed,/Users/lizhon/PycharmProjects/WebexSuiteAI/dataset-pipeline/dataset/views/meeting_notes/evaluation/internal/t_017_r/offline/evaluation_report_standard_gpt-41.json
detail,meeting_model,private_data,t_017_r,gpt-5.4,,2,0.586,0.873,0.952,"{""anthropic.claude-sonnet-4-20250514-v1:0"": 0.683, ""gpt-5-2025-08-07"": 0.488}","{""anthropic.claude-sonnet-4-20250514-v1:0"": 0.849, ""gpt-5-2025-08-07"": 0.896}","{""anthropic.claude-sonnet-4-20250514-v1:0"": 0.952, ""gpt-5-2025-08-07"": 0.952}",completed,/Users/lizhon/PycharmProjects/WebexSuiteAI/dataset-pipeline/dataset/views/meeting_notes/evaluation/internal/t_017_r/offline/evaluation_report_standard_gpt-54.json
detail,meeting_model,private_data,t_018,gpt-4.1,,2,0.74,0.784,0.87,"{""anthropic.claude-sonnet-4-20250514-v1:0"": 0.783, ""gpt-5-2025-08-07"": 0.696}","{""anthropic.claude-sonnet-4-20250514-v1:0"": 0.819, ""gpt-5-2025-08-07"": 0.749}","{""anthropic.claude-sonnet-4-20250514-v1:0"": 0.957, ""gpt-5-2025-08-07"": 0.783}",completed,/Users/lizhon/PycharmProjects/WebexSuiteAI/dataset-pipeline/dataset/views/meeting_notes/evaluation/internal/t_018/offline/evaluation_report_standard_gpt-41.json
detail,meeting_model,private_data,t_018,gpt-5.4,,2,0.821,0.853,0.891,"{""anthropic.claude-sonnet-4-20250514-v1:0"": 0.821, ""gpt-5-2025-08-07"": 0.821}","{""anthropic.claude-sonnet-4-20250514-v1:0"": 0.845, ""gpt-5-2025-08-07"": 0.861}","{""anthropic.claude-sonnet-4-20250514-v1:0"": 0.913, ""gpt-5-2025-08-07"": 0.87}",completed,/Users/lizhon/PycharmProjects/WebexSuiteAI/dataset-pipeline/dataset/views/meeting_notes/evaluation/internal/t_018/offline/evaluation_report_standard_gpt-54.json
detail,meeting_model,private_data,t_019,gpt-4.1,,2,0.685,0.79,0.979,"{""anthropic.claude-sonnet-4-20250514-v1:0"": 0.667, ""gpt-5-2025-08-07"": 0.704}","{""anthropic.claude-sonnet-4-20250514-v1:0"": 0.817, ""gpt-5-2025-08-07"": 0.763}","{""anthropic.claude-sonnet-4-20250514-v1:0"": 1.0, ""gpt-5-2025-08-07"": 0.958}",completed,/Users/lizhon/PycharmProjects/WebexSuiteAI/dataset-pipeline/dataset/views/meeting_notes/evaluation/internal/t_019/offline/evaluation_report_standard_gpt-41.json
detail,meeting_model,private_data,t_019,gpt-5.4,,2,0.655,0.881,0.875,"{""anthropic.claude-sonnet-4-20250514-v1:0"": 0.667, ""gpt-5-2025-08-07"": 0.644}","{""anthropic.claude-sonnet-4-20250514-v1:0"": 0.862, ""gpt-5-2025-08-07"": 0.9}","{""anthropic.claude-sonnet-4-20250514-v1:0"": 0.875, ""gpt-5-2025-08-07"": 0.875}",completed,/Users/lizhon/PycharmProjects/WebexSuiteAI/dataset-pipeline/dataset/views/meeting_notes/evaluation/internal/t_019/offline/evaluation_report_standard_gpt-54.json
detail,meeting_model,private_data,t_020,gpt-4.1,,2,0.788,0.825,0.66,"{""anthropic.claude-sonnet-4-20250514-v1:0"": 0.885, ""gpt-5-2025-08-07"": 0.692}","{""anthropic.claude-sonnet-4-20250514-v1:0"": 0.826, ""gpt-5-2025-08-07"": 0.824}","{""anthropic.claude-sonnet-4-20250514-v1:0"": 0.64, ""gpt-5-2025-08-07"": 0.68}",completed,/Users/lizhon/PycharmProjects/WebexSuiteAI/dataset-pipeline/dataset/views/meeting_notes/evaluation/internal/t_020/offline/evaluation_report_standard_gpt-41.json
detail,meeting_model,private_data,t_020,gpt-5.4,,2,0.75,0.833,0.8,"{""anthropic.claude-sonnet-4-20250514-v1:0"": 0.763, ""gpt-5-2025-08-07"": 0.737}","{""anthropic.claude-sonnet-4-20250514-v1:0"": 0.815, ""gpt-5-2025-08-07"": 0.851}","{""anthropic.claude-sonnet-4-20250514-v1:0"": 0.8, ""gpt-5-2025-08-07"": 0.8}",completed,/Users/lizhon/PycharmProjects/WebexSuiteAI/dataset-pipeline/dataset/views/meeting_notes/evaluation/internal/t_020/offline/evaluation_report_standard_gpt-54.json
detail,meeting_model,private_data,t_021,gpt-4.1,,2,0.77,0.799,0.7,"{""anthropic.claude-sonnet-4-20250514-v1:0"": 0.808, ""gpt-5-2025-08-07"": 0.731}","{""anthropic.claude-sonnet-4-20250514-v1:0"": 0.789, ""gpt-5-2025-08-07"": 0.809}","{""anthropic.claude-sonnet-4-20250514-v1:0"": 0.7, ""gpt-5-2025-08-07"": 0.7}",completed,/Users/lizhon/PycharmProjects/WebexSuiteAI/dataset-pipeline/dataset/views/meeting_notes/evaluation/internal/t_021/offline/evaluation_report_standard_gpt-41.json
detail,meeting_model,private_data,t_021,gpt-5.4,,2,0.632,0.915,0.825,"{""anthropic.claude-sonnet-4-20250514-v1:0"": 0.711, ""gpt-5-2025-08-07"": 0.553}","{""anthropic.claude-sonnet-4-20250514-v1:0"": 0.919, ""gpt-5-2025-08-07"": 0.91}","{""anthropic.claude-sonnet-4-20250514-v1:0"": 0.8, ""gpt-5-2025-08-07"": 0.85}",completed,/Users/lizhon/PycharmProjects/WebexSuiteAI/dataset-pipeline/dataset/views/meeting_notes/evaluation/internal/t_021/offline/evaluation_report_standard_gpt-54.json
